Keyword,Clicks,Impressions,CTR (%),Avg Position
crazy gator airboat tours,138,507,27.22,1.2
florida everglades airboat tour and alligator encounter,0,478,0.0,60.0
crazy gator,3,447,0.67,11.0
gator tour,0,357,0.0,20.0
alligator tours,0,344,0.0,51.9
gator airboat rides,0,337,0.0,14.6
gator tours,1,249,0.4,21.7
gator airboat tours,1,239,0.42,9.7
airboat rides near me,12,211,5.69,6.0
alligator tour,0,160,0.0,92.0
gator park airboats tour,0,127,0.0,47.4
crazy gator airboat tours reviews,4,122,3.28,4.5
alligator airboat rides,0,112,0.0,59.1
everglades birthday parties,0,106,0.0,86.0
airboat wildlife adventures,0,100,0.0,90.5
everglades gator tour,0,97,0.0,68.5
gator airboat,0,90,0.0,10.0
crazy gators,0,89,0.0,11.8
kissimmee airboat tours,2,86,2.33,77.2
alligator airboat,0,82,0.0,41.7
gator cruise,0,78,0.0,7.4
airboats and alligators,0,73,0.0,55.8
aligator tours,0,67,0.0,57.6
alligator airboat tours,0,65,0.0,42.2
airboat tours kissimmee,1,64,1.56,75.4
gator airboats,0,62,0.0,8.5
the crazy gator,0,58,0.0,22.4
what to wear on an airboat ride,0,49,0.0,36.2
florida airboat tours,0,47,0.0,82.3
airboat alligator tours,0,46,0.0,56.0
aligator tour,0,43,0.0,86.7
are airboats safe,0,41,0.0,65.9
gator airboat tour,0,38,0.0,10.1
gator airboat ride,0,36,0.0,12.0
gator tours florida,0,34,0.0,29.1
everglades vip tour,0,33,0.0,60.2
airboat tours,0,27,0.0,67.3
airboat tours everglades,0,27,0.0,87.1
gator everglades,0,27,0.0,36.6
airboat gator tours,0,26,0.0,31.7
alligator tours airboat,0,26,0.0,53.2
alligator airboat tour,0,25,0.0,45.2
alligator everglades tour,0,25,0.0,50.9
gator tours in florida,0,24,0.0,50.5
airboat rides near kissimmee,0,23,0.0,73.3
alligators and airboats,0,23,0.0,53.5
alligator boat tour,0,21,0.0,76.3
alligator tours in florida,0,21,0.0,89.4
everglades crocodile tour,0,21,0.0,39.9
florida gator tours,0,21,0.0,51.6
alligator boat,0,20,0.0,36.5
everglades gator tours,0,19,0.0,56.2
kissimmee boat tours,0,19,0.0,67.9
kissimmee airboat rides,1,18,5.56,70.9
airboat picture,0,18,0.0,55.8
alligator boat tours,0,18,0.0,60.1
crazy gator eustis,0,18,0.0,35.7
airboat and alligators,0,17,0.0,68.6
alligator airboat ride,0,17,0.0,64.1
alligator boats,0,17,0.0,43.3
alligator tours florida,0,17,0.0,85.8
crazy gator eustis fl,0,17,0.0,35.6
gator airboat tours orlando,0,17,0.0,52.2
airboat tours in everglades,0,16,0.0,87.1
alligator swamp tours,0,16,0.0,85.6
gator boat tours,0,16,0.0,58.6
crazy tours,0,15,0.0,18.9
airboat alligator,0,14,0.0,55.1
airboat gator tour,0,14,0.0,36.4
airboat tours near me,1,13,7.69,5.6
alligator everglades airboat,0,13,0.0,59.8
alligator ride,0,13,0.0,54.3
crazy gator eustis florida,0,13,0.0,37.8
vip swamp tour,0,13,0.0,99.5
airboat rides kissimmee,0,12,0.0,46.5
alligator airboat rides near me,0,12,0.0,53.2
fast airboat rides florida,0,12,0.0,72.6
florida airboat tour,0,12,0.0,91.6
gator airboat rides kissimmee,0,12,0.0,25.3
gator rides,0,12,0.0,29.9
the crazy gator photos,1,11,9.09,16.4
wild willys airboat tours,1,11,9.09,1.0
airboat rides everglades,0,11,0.0,71.5
airboat tours kissimmee fl,0,11,0.0,84.6
alligator tours everglades,0,11,0.0,72.8
everglades airboat alligator,0,11,0.0,63.5
everglades tour alligator,0,11,0.0,60.3
gator experience,0,11,0.0,41.2
tampa gator tours,0,11,0.0,51.7
florida airboat rides,1,10,10.0,73.5
air boat ride kissimmee,0,10,0.0,12.5
airboats tours,0,10,0.0,69.4
alligator tours kissimmee,0,10,0.0,55.2
kissimmee swamp tours,0,10,0.0,64.9
speedy airboat tours,0,10,0.0,50.9
alligator airboat tours near me,0,9,0.0,33.2
everglades alligator airboat,0,9,0.0,72.1
gator airboat rides orlando,0,9,0.0,70.1
gator boat rides,0,9,0.0,29.0
gator tour florida,0,9,0.0,28.2
